start|label|fmtname|type
1|def01_00|var_def|n
2|def01_01|var_def|n
3|def01_02|var_def|n
4|def01_03|var_def|n
5|def01_04|var_def|n
6|def01_05|var_def|n
7|def01_06|var_def|n
8|def01_07|var_def|n
9|def01_08|var_def|n
10|def01_09|var_def|n
11|def01_10|var_def|n
12|def01_11|var_def|n
13|def01_12|var_def|n
14|def01_13|var_def|n
15|def01_14|var_def|n
16|def01_15|var_def|n
17|def01_16|var_def|n
18|def01_17|var_def|n
19|def01_18|var_def|n
20|def01_19|var_def|n
21|def01_20|var_def|n
22|def01_21|var_def|n
23|def01_22|var_def|n
24|def01_23|var_def|n
25|def01_24|var_def|n
26|def01_25|var_def|n
27|def02_00|var_def|n
28|def02_01|var_def|n
29|def02_02|var_def|n
30|def02_03|var_def|n
31|def02_04|var_def|n
32|def02_05|var_def|n
33|def02_06|var_def|n
34|def02_07|var_def|n
35|def02_08|var_def|n
36|def02_09|var_def|n
37|def02_10|var_def|n
38|def02_11|var_def|n
39|def02_12|var_def|n
40|def02_13|var_def|n
41|def02_14|var_def|n
42|def02_15|var_def|n
43|def02_16|var_def|n
44|def02_17|var_def|n
45|def02_18|var_def|n
46|def02_19|var_def|n
47|def02_20|var_def|n
48|def02_21|var_def|n
49|def02_22|var_def|n
50|def02_23|var_def|n
51|def02_24|var_def|n
52|def02_25|var_def|n
53|def03_00|var_def|n
54|def03_01|var_def|n
55|def03_02|var_def|n
56|def03_03|var_def|n
57|def03_04|var_def|n
58|def03_05|var_def|n
59|def03_06|var_def|n
60|def03_07|var_def|n
61|def03_08|var_def|n
62|def03_09|var_def|n
63|def03_10|var_def|n
64|def03_11|var_def|n
65|def03_12|var_def|n
66|def03_13|var_def|n
67|def03_14|var_def|n
68|def03_15|var_def|n
69|def03_16|var_def|n
70|def03_17|var_def|n
71|def03_18|var_def|n
72|def03_19|var_def|n
73|def03_20|var_def|n
74|def03_21|var_def|n
75|def03_22|var_def|n
76|def03_23|var_def|n
77|def03_24|var_def|n
78|def03_25|var_def|n
79|def04_00|var_def|n
